feature,importance
feature_5,0.15258914940595317
feature_3,0.11597567551009272
feature_7,0.10594692146327103
feature_9,0.10306785665827725
feature_8,0.09280321707033938
feature_4,0.0906311485366552
feature_2,0.09007755911684005
feature_0,0.08489937739393896
feature_6,0.08220396299234929
feature_1,0.08180513185228305
