Model,PR-AUC,ROC-AUC,Precision,Recall,F1-Score,TP,FP,TN,FN
Random Forest,1.0,1.0,0.0,0.0,0.0,0,0,115418,1
XGBoost,1.0,1.0,1.0,1.0,1.0,1,0,115418,0
XGBoost (Tuned),1.0,1.0,1.0,1.0,1.0,1,0,115418,0
LightGBM (Tuned),0.53125,0.9999350188012269,0.0625,1.0,0.11764705882352941,1,15,115403,0
LightGBM,0.5021008403361344,0.9989732970593842,0.004201680672268907,1.0,0.008368200836820083,1,237,115181,0
Logistic Regression,0.041666666666666664,0.9999046942417994,0.0,0.0,0.0,0,0,115418,1
